Date,Region,Frequency,Estimated Unemployment Rate (%),Estimated Employed,Estimated Labour Participation Rate (%),Area,Rolling Average
2019-05-31,Andhra Pradesh, Monthly,3.65,11999139.0,43.24,Rural,
2019-06-30,Andhra Pradesh, Monthly,3.05,11755881.0,42.05,Rural,
2019-07-31,Andhra Pradesh, Monthly,3.75,12086707.0,43.5,Rural,
2019-08-31,Andhra Pradesh, Monthly,3.32,12285693.0,43.97,Rural,
2019-09-30,Andhra Pradesh, Monthly,5.17,12256762.0,44.68,Rural,
2019-10-31,Andhra Pradesh, Monthly,3.52,12017412.0,43.01,Rural,
2019-11-30,Andhra Pradesh, Monthly,4.12,11397681.0,41.0,Rural,
2019-12-31,Andhra Pradesh, Monthly,4.38,12528395.0,45.14,Rural,
2020-01-31,Andhra Pradesh, Monthly,4.84,12016676.0,43.46,Rural,
2020-02-29,Andhra Pradesh, Monthly,5.91,11723617.0,42.83,Rural,
2020-03-31,Andhra Pradesh, Monthly,4.06,11359660.0,40.66,Rural,
2020-04-30,Andhra Pradesh, Monthly,16.29,8792827.0,36.03,Rural,5.171666666666667
2020-05-31,Andhra Pradesh, Monthly,14.46,9526902.0,38.16,Rural,6.072500000000001
2020-06-30,Andhra Pradesh, Monthly,0.85,15572975.0,53.76,Rural,5.889166666666667
2019-05-31,Assam, Monthly,4.29,11749334.0,57.39,Rural,5.934166666666667
2019-06-30,Assam, Monthly,5.08,8923222.0,43.87,Rural,6.0808333333333335
2019-07-31,Assam, Monthly,4.26,9911534.0,48.21,Rural,6.004999999999999
2019-08-31,Assam, Monthly,5.79,9292039.0,45.83,Rural,6.194166666666667
2019-09-30,Assam, Monthly,4.46,11468349.0,55.67,Rural,6.222499999999999
2019-10-31,Assam, Monthly,4.65,8395906.0,40.76,Rural,6.245
2019-11-30,Assam, Monthly,4.66,9625362.0,46.64,Rural,6.2299999999999995
2020-01-31,Assam, Monthly,4.29,11420996.0,54.9,Rural,6.095
2020-02-29,Assam, Monthly,3.26,8462814.0,40.17,Rural,6.028333333333333
2020-03-31,Assam, Monthly,3.77,9878742.0,47.05,Rural,4.985
2020-05-31,Assam, Monthly,9.38,9926176.0,50.0,Rural,4.5616666666666665
2020-06-30,Assam, Monthly,0.0,7544937.0,34.38,Rural,4.490833333333334
2019-05-31,Bihar, Monthly,9.27,24322330.0,39.75,Rural,4.905833333333334
2019-06-30,Bihar, Monthly,10.2,24097712.0,39.71,Rural,5.3325
2019-07-31,Bihar, Monthly,13.44,23248875.0,39.66,Rural,6.0975
2019-08-31,Bihar, Monthly,11.0,22260203.0,36.85,Rural,6.531666666666666
2019-09-30,Bihar, Monthly,8.87,23905700.0,38.57,Rural,6.899166666666666
2019-10-31,Bihar, Monthly,12.47,24053140.0,40.31,Rural,7.550833333333332
2019-11-30,Bihar, Monthly,12.4,22445989.0,37.51,Rural,8.195833333333333
2019-12-31,Bihar, Monthly,10.16,22914530.0,37.25,Rural,8.685
2020-01-31,Bihar, Monthly,9.13,23409006.0,37.54,Rural,9.174166666666666
2020-02-29,Bihar, Monthly,9.61,23168192.0,37.28,Rural,9.660833333333334
2020-03-31,Bihar, Monthly,15.39,22667882.0,38.88,Rural,10.161666666666667
2020-04-30,Bihar, Monthly,45.09,14645275.0,38.63,Rural,13.919166666666667
2020-05-31,Bihar, Monthly,47.26,14050319.0,38.5,Rural,17.085
2020-06-30,Bihar, Monthly,20.49,20622566.0,37.4,Rural,17.9425
2019-05-31,Chhattisgarh, Monthly,9.82,6259019.0,42.89,Rural,17.640833333333333
2019-06-30,Chhattisgarh, Monthly,6.76,6608626.0,43.71,Rural,17.287499999999998
2019-07-31,Chhattisgarh, Monthly,4.54,6753622.0,43.53,Rural,16.926666666666666
2019-08-31,Chhattisgarh, Monthly,4.64,6607694.0,42.55,Rural,16.274166666666666
2019-09-30,Chhattisgarh, Monthly,8.33,6490776.0,43.38,Rural,15.935
2019-10-31,Chhattisgarh, Monthly,6.96,7043840.0,46.28,Rural,15.668333333333331
2019-11-30,Chhattisgarh, Monthly,2.77,6942931.0,43.56,Rural,15.138333333333334
2019-12-31,Chhattisgarh, Monthly,6.11,6569385.0,42.59,Rural,14.84666666666667
2020-01-31,Chhattisgarh, Monthly,9.89,6236201.0,42.03,Rural,14.388333333333334
2020-02-29,Chhattisgarh, Monthly,7.89,6847173.0,45.05,Rural,11.288333333333334
2020-03-31,Chhattisgarh, Monthly,7.31,6894808.0,44.98,Rural,7.959166666666667
2020-04-30,Chhattisgarh, Monthly,0.0,6534321.0,39.43,Rural,6.251666666666666
2020-05-31,Chhattisgarh, Monthly,7.64,5454091.0,35.56,Rural,6.07
2020-06-30,Chhattisgarh, Monthly,10.14,5781095.0,38.66,Rural,6.351666666666667
2019-05-31,Delhi, Monthly,12.56,169487.0,42.33,Rural,7.0200000000000005
2019-06-30,Delhi, Monthly,9.33,149076.0,35.74,Rural,7.410833333333334
2019-07-31,Delhi, Monthly,11.07,166605.0,40.53,Rural,7.639166666666665
2019-08-31,Delhi, Monthly,17.18,135407.0,35.21,Rural,8.490833333333333
2019-09-30,Delhi, Monthly,12.5,166056.0,40.68,Rural,9.301666666666668
2019-10-31,Delhi, Monthly,15.84,149511.0,37.9,Rural,10.1125
2019-11-30,Delhi, Monthly,11.11,178768.0,42.71,Rural,10.214166666666667
2019-12-31,Delhi, Monthly,16.97,145671.0,37.08,Rural,10.970833333333333
2020-01-31,Delhi, Monthly,13.48,157791.0,38.36,Rural,11.485
2020-02-29,Delhi, Monthly,13.81,147500.0,35.84,Rural,12.635833333333332
2020-03-31,Delhi, Monthly,15.18,152413.0,37.45,Rural,13.264166666666668
2020-04-30,Delhi, Monthly,20.69,115487.0,30.21,Rural,14.143333333333333
2020-05-31,Delhi, Monthly,22.76,129610.0,34.65,Rural,14.993333333333332
2020-06-30,Delhi, Monthly,21.14,112108.0,29.22,Rural,15.9775
2019-05-31,Goa, Monthly,2.91,179340.0,39.16,Rural,15.2975
2019-06-30,Goa, Monthly,5.45,170471.0,38.19,Rural,14.319999999999999
2019-07-31,Goa, Monthly,10.98,167437.0,39.81,Rural,14.193333333333333
2019-08-31,Goa, Monthly,1.98,183603.0,39.61,Rural,13.038333333333334
2019-09-30,Goa, Monthly,3.61,163215.0,35.78,Rural,12.413333333333334
2019-10-31,Goa, Monthly,7.21,177440.0,40.36,Rural,11.6
2019-11-30,Goa, Monthly,23.71,159489.0,44.09,Rural,12.4525
2019-12-31,Goa, Monthly,3.54,177155.0,38.7,Rural,11.596666666666666
2020-01-31,Goa, Monthly,5.38,158936.0,35.36,Rural,10.780000000000001
2020-02-29,Goa, Monthly,0.0,171672.0,36.11,Rural,9.055833333333334
2020-04-30,Goa, Monthly,15.91,181657.0,45.36,Rural,8.485
2020-05-31,Goa, Monthly,20.0,128538.0,33.71,Rural,8.39
2019-05-31,Gujarat, Monthly,2.88,13954728.0,52.03,Rural,8.387500000000001
2019-06-30,Gujarat, Monthly,4.77,13199281.0,50.12,Rural,8.330833333333333
2019-07-31,Gujarat, Monthly,4.58,14327083.0,54.21,Rural,7.7975
2019-08-31,Gujarat, Monthly,3.7,13507342.0,50.57,Rural,7.940833333333334
2019-09-30,Gujarat, Monthly,6.29,13280783.0,51.01,Rural,8.164166666666668
2019-10-31,Gujarat, Monthly,4.91,13828512.0,52.27,Rural,7.9725
2019-11-30,Gujarat, Monthly,4.68,14487815.0,54.55,Rural,6.386666666666667
2019-12-31,Gujarat, Monthly,3.46,13877825.0,51.51,Rural,6.38
2020-01-31,Gujarat, Monthly,5.35,14301844.0,54.07,Rural,6.3775
2020-02-29,Gujarat, Monthly,6.64,13973042.0,53.48,Rural,6.930833333333333
2020-03-31,Gujarat, Monthly,7.59,13483615.0,52.06,Rural,6.237500000000001
2020-04-30,Gujarat, Monthly,12.0,8587594.0,34.77,Rural,5.570833333333333
2020-05-31,Gujarat, Monthly,14.58,11121124.0,46.31,Rural,6.545833333333333
2020-06-30,Gujarat, Monthly,1.41,13243922.0,47.72,Rural,6.265833333333333
2019-05-31,Haryana, Monthly,14.54,5249186.0,45.12,Rural,7.095833333333334
2019-06-30,Haryana, Monthly,23.08,4745178.0,45.23,Rural,8.710833333333333
2019-07-31,Haryana, Monthly,16.22,4826560.0,42.17,Rural,9.538333333333332
2019-08-31,Haryana, Monthly,30.94,4558306.0,48.23,Rural,11.707499999999998
2019-09-30,Haryana, Monthly,16.36,5127956.0,44.72,Rural,12.680833333333332
2019-10-31,Haryana, Monthly,24.17,4798833.0,46.07,Rural,14.406666666666666
2019-11-30,Haryana, Monthly,16.59,4875763.0,42.48,Rural,15.343333333333332
2019-12-31,Haryana, Monthly,29.56,4603484.0,47.4,Rural,17.253333333333334
2020-01-31,Haryana, Monthly,16.21,5062293.0,43.74,Rural,17.971666666666668
2020-02-29,Haryana, Monthly,27.19,4570108.0,45.37,Rural,19.2375
2020-03-31,Haryana, Monthly,23.92,4366148.0,41.4,Rural,20.015833333333333
2020-04-30,Haryana, Monthly,41.61,4041050.0,49.85,Rural,23.36583333333333
2020-05-31,Haryana, Monthly,34.22,3914193.0,42.78,Rural,25.00583333333334
2020-06-30,Haryana, Monthly,35.57,4357835.0,48.53,Rural,26.046666666666667
2019-05-31,Himachal Pradesh, Monthly,13.68,2045760.0,44.23,Rural,25.834999999999997
2019-06-30,Himachal Pradesh, Monthly,11.43,1957081.0,41.18,Rural,24.209166666666665
2019-07-31,Himachal Pradesh, Monthly,20.59,1916824.0,44.91,Rural,24.561666666666667
2019-08-31,Himachal Pradesh, Monthly,18.56,1969248.0,44.91,Rural,24.094166666666666
2019-09-30,Himachal Pradesh, Monthly,15.98,2039804.0,45.02,Rural,24.043333333333333
2019-10-31,Himachal Pradesh, Monthly,15.81,1946957.0,42.81,Rural,22.897499999999997
2019-11-30,Himachal Pradesh, Monthly,22.86,2024409.0,48.5,Rural,23.451666666666668
2019-12-31,Himachal Pradesh, Monthly,19.46,1922821.0,44.05,Rural,22.8075
2020-01-31,Himachal Pradesh, Monthly,16.67,2041035.0,45.11,Rural,22.203333333333333
2020-02-29,Himachal Pradesh, Monthly,15.42,1952464.0,42.45,Rural,20.020833333333332
2020-03-31,Himachal Pradesh, Monthly,17.71,1800426.0,40.17,Rural,18.645
2020-04-30,Himachal Pradesh, Monthly,2.13,984171.0,18.43,Rural,15.858333333333334
2020-05-31,Himachal Pradesh, Monthly,25.64,1732050.0,42.62,Rural,16.855
2020-06-30,Himachal Pradesh, Monthly,1.12,2230075.0,41.2,Rural,15.995833333333332
2019-05-31,Jammu & Kashmir, Monthly,12.78,2495186.0,40.57,Rural,15.344999999999999
2019-06-30,Jammu & Kashmir, Monthly,12.09,2423742.0,39.02,Rural,14.805833333333332
2019-07-31,Jammu & Kashmir, Monthly,13.67,2549316.0,41.71,Rural,14.613333333333332
2019-08-31,Jammu & Kashmir, Monthly,11.32,2778624.0,44.17,Rural,14.239166666666668
2019-10-31,Jammu & Kashmir, Monthly,19.27,2477621.0,43.08,Rural,13.94
2019-11-30,Jammu & Kashmir, Monthly,14.73,2415724.0,39.69,Rural,13.545833333333334
2020-01-31,Jammu & Kashmir, Monthly,22.19,2373488.0,42.56,Rural,14.005833333333333
2020-02-29,Jammu & Kashmir, Monthly,21.23,2163397.0,38.25,Rural,14.49
2020-03-31,Jammu & Kashmir, Monthly,16.0,2361004.0,39.06,Rural,14.347499999999998
2020-05-31,Jammu & Kashmir, Monthly,2.22,2716966.0,38.46,Rural,14.354999999999999
2020-06-30,Jammu & Kashmir, Monthly,18.97,2049617.0,34.94,Rural,13.799166666666666
2019-05-31,Jharkhand, Monthly,7.11,7035766.0,39.04,Rural,14.298333333333334
2019-06-30,Jharkhand, Monthly,8.46,7319782.0,41.12,Rural,13.938333333333333
2019-07-31,Jharkhand, Monthly,9.98,6958404.0,39.66,Rural,13.762500000000001
2019-08-31,Jharkhand, Monthly,12.06,7015356.0,40.83,Rural,13.628333333333336
2019-09-30,Jharkhand, Monthly,7.12,7500122.0,41.24,Rural,13.278333333333334
2019-10-31,Jharkhand, Monthly,6.57,7761243.0,42.33,Rural,12.22
2019-11-30,Jharkhand, Monthly,8.07,7279628.0,40.26,Rural,11.665
2019-12-31,Jharkhand, Monthly,15.15,6873437.0,41.09,Rural,11.078333333333333
2020-01-31,Jharkhand, Monthly,6.16,7868736.0,42.43,Rural,9.8225
2020-02-29,Jharkhand, Monthly,9.06,7932402.0,44.05,Rural,9.244166666666667
2020-03-31,Jharkhand, Monthly,5.01,7157454.0,37.96,Rural,9.476666666666667
2020-04-30,Jharkhand, Monthly,41.72,4280434.0,36.92,Rural,11.3725
2020-05-31,Jharkhand, Monthly,55.1,3315038.0,37.03,Rural,15.371666666666664
2020-06-30,Jharkhand, Monthly,21.53,6375114.0,40.65,Rural,16.460833333333337
2019-05-31,Karnataka, Monthly,5.46,13911440.0,46.36,Rural,16.084166666666665
2019-06-30,Karnataka, Monthly,5.98,12888490.0,43.12,Rural,15.5775
2019-07-31,Karnataka, Monthly,0.52,12169808.0,38.42,Rural,15.027499999999998
2019-08-31,Karnataka, Monthly,0.37,12686470.0,39.93,Rural,14.510833333333332
2019-09-30,Karnataka, Monthly,3.2,13741892.0,44.45,Rural,14.104999999999999
2019-10-31,Karnataka, Monthly,7.13,12803527.0,43.1,Rural,13.436666666666667
2019-11-30,Karnataka, Monthly,1.19,11537217.0,36.45,Rural,13.0225
2019-12-31,Karnataka, Monthly,0.41,12756132.0,39.92,Rural,12.301666666666668
2020-01-31,Karnataka, Monthly,2.57,13938874.0,44.52,Rural,12.098333333333334
2020-02-29,Karnataka, Monthly,4.11,12753657.0,41.33,Rural,8.964166666666667
2020-03-31,Karnataka, Monthly,2.39,12853818.0,40.85,Rural,4.571666666666666
2020-04-30,Karnataka, Monthly,33.17,9330400.0,43.25,Rural,5.541666666666667
2020-05-31,Karnataka, Monthly,23.72,10626328.0,43.09,Rural,7.063333333333333
2020-06-30,Karnataka, Monthly,10.92,15396213.0,53.37,Rural,7.474999999999999
2019-05-31,Kerala, Monthly,6.63,5184355.0,38.07,Rural,7.984166666666667
2019-06-30,Kerala, Monthly,9.0,5605627.0,42.19,Rural,8.703333333333333
2019-07-31,Kerala, Monthly,4.95,4855393.0,34.96,Rural,8.849166666666667
2019-08-31,Kerala, Monthly,10.32,5233449.0,39.9,Rural,9.115
2019-09-30,Kerala, Monthly,5.35,5400499.0,38.97,Rural,9.461666666666666
2019-10-31,Kerala, Monthly,9.14,5328825.0,40.02,Rural,10.189166666666667
2019-11-30,Kerala, Monthly,5.0,4557906.0,32.71,Rural,10.391666666666666
2019-12-31,Kerala, Monthly,10.77,5065804.0,38.67,Rural,10.946666666666665
2020-01-31,Kerala, Monthly,4.11,5307026.0,37.66,Rural,11.090000000000002
2020-02-29,Kerala, Monthly,8.91,5203579.0,38.84,Rural,9.068333333333333
2020-03-31,Kerala, Monthly,8.85,4141953.0,30.87,Rural,7.829166666666666
2020-04-30,Kerala, Monthly,10.71,1754170.0,13.33,Rural,7.811666666666667
2020-05-31,Kerala, Monthly,23.38,3799919.0,33.62,Rural,9.2075
2020-06-30,Kerala, Monthly,27.66,3952088.0,37.01,Rural,10.762500000000001
2019-05-31,Madhya Pradesh, Monthly,3.63,15349838.0,37.97,Rural,10.6525
2019-06-30,Madhya Pradesh, Monthly,4.25,16294794.0,40.48,Rural,10.146666666666667
2019-07-31,Madhya Pradesh, Monthly,3.92,16274707.0,40.2,Rural,10.0275
2019-08-31,Madhya Pradesh, Monthly,4.94,16559137.0,41.25,Rural,9.6775
2019-09-30,Madhya Pradesh, Monthly,3.08,16159315.0,39.4,Rural,9.5175
2019-10-31,Madhya Pradesh, Monthly,2.98,17060638.0,41.46,Rural,8.868333333333332
2019-11-30,Madhya Pradesh, Monthly,2.72,16306428.0,39.44,Rural,8.7525
2019-12-31,Madhya Pradesh, Monthly,2.94,16854647.0,40.77,Rural,8.255
2020-01-31,Madhya Pradesh, Monthly,3.66,16183702.0,39.35,Rural,7.822500000000001
2020-02-29,Madhya Pradesh, Monthly,4.42,16178044.0,39.57,Rural,7.298333333333333
2020-03-31,Madhya Pradesh, Monthly,1.19,16480441.0,38.9,Rural,5.449166666666667
2020-04-30,Madhya Pradesh, Monthly,12.5,14238959.0,37.88,Rural,4.185833333333334
2020-05-31,Madhya Pradesh, Monthly,22.46,13099601.0,39.24,Rural,5.755
2020-06-30,Madhya Pradesh, Monthly,6.46,16748971.0,41.5,Rural,5.939166666666666
2019-05-31,Maharashtra, Monthly,3.67,23896858.0,47.11,Rural,5.918333333333333
2019-06-30,Maharashtra, Monthly,4.34,23056511.0,45.69,Rural,5.868333333333333
2019-07-31,Maharashtra, Monthly,3.66,24843750.0,48.8,Rural,5.916666666666667
2019-08-31,Maharashtra, Monthly,3.76,26835389.0,52.67,Rural,5.9816666666666665
2019-09-30,Maharashtra, Monthly,4.4,25219281.0,49.74,Rural,6.121666666666667
2019-10-31,Maharashtra, Monthly,3.81,24330249.0,47.61,Rural,6.194166666666667
2019-11-30,Maharashtra, Monthly,3.68,24881383.0,48.53,Rural,6.195833333333334
2019-12-31,Maharashtra, Monthly,3.03,26357625.0,50.98,Rural,6.080000000000001
2020-01-31,Maharashtra, Monthly,3.8,25881398.0,50.36,Rural,6.297499999999999
2020-02-29,Maharashtra, Monthly,4.24,25293535.0,49.36,Rural,5.609166666666667
2020-03-31,Maharashtra, Monthly,5.38,23130976.0,45.6,Rural,4.185833333333333
2020-04-30,Maharashtra, Monthly,25.28,15014802.0,37.42,Rural,5.754166666666666
2020-05-31,Maharashtra, Monthly,16.89,18423447.0,41.21,Rural,6.855833333333333
2020-06-30,Maharashtra, Monthly,9.4,23601016.0,48.34,Rural,7.2775
2019-05-31,Meghalaya, Monthly,3.16,1119011.0,66.13,Rural,7.235833333333333
2019-06-30,Meghalaya, Monthly,4.23,1024797.0,61.09,Rural,7.275000000000001
2019-07-31,Meghalaya, Monthly,1.03,1158511.0,66.67,Rural,6.9941666666666675
2019-08-31,Meghalaya, Monthly,0.52,1065725.0,60.86,Rural,6.72
2019-09-30,Meghalaya, Monthly,0.24,1162159.0,66.02,Rural,6.433333333333334
2019-10-31,Meghalaya, Monthly,3.7,1080609.0,63.44,Rural,6.489166666666667
2019-11-30,Meghalaya, Monthly,1.5,1205703.0,69.03,Rural,6.297499999999999
2019-12-31,Meghalaya, Monthly,1.8,1102997.0,63.18,Rural,6.094166666666666
2020-01-31,Meghalaya, Monthly,0.97,1229406.0,69.66,Rural,5.7266666666666675
2020-02-29,Meghalaya, Monthly,2.76,1112864.0,64.06,Rural,3.85
2020-03-31,Meghalaya, Monthly,1.28,1192616.0,67.46,Rural,2.549166666666667
2020-04-30,Meghalaya, Monthly,8.38,803118.0,48.83,Rural,2.464166666666667
2020-05-31,Meghalaya, Monthly,3.73,992148.0,57.26,Rural,2.511666666666667
2020-06-30,Meghalaya, Monthly,1.35,1150200.0,64.63,Rural,2.271666666666667
2019-05-31,Odisha, Monthly,4.17,11155753.0,40.47,Rural,2.5333333333333337
2019-06-30,Odisha, Monthly,4.71,10965154.0,39.94,Rural,2.8825000000000003
2019-07-31,Odisha, Monthly,3.31,12009883.0,43.05,Rural,3.1383333333333336
2019-08-31,Odisha, Monthly,3.68,11727659.0,42.13,Rural,3.136666666666667
2019-09-30,Odisha, Monthly,4.31,11167715.0,40.32,Rural,3.370833333333333
2019-10-31,Odisha, Monthly,4.28,11621534.0,41.88,Rural,3.5775
2019-11-30,Odisha, Monthly,4.72,12192623.0,44.06,Rural,3.89
2019-12-31,Odisha, Monthly,4.67,11345069.0,40.91,Rural,4.049166666666667
2020-01-31,Odisha, Monthly,1.81,11182128.0,39.09,Rural,4.093333333333334
2020-02-29,Odisha, Monthly,3.31,11842655.0,41.98,Rural,3.670833333333333
2020-03-31,Odisha, Monthly,15.09,9814156.0,39.55,Rural,4.617500000000001
2020-04-30,Odisha, Monthly,24.48,5562449.0,25.16,Rural,6.545000000000001
2020-05-31,Odisha, Monthly,9.45,9683719.0,36.48,Rural,6.984999999999999
2020-06-30,Odisha, Monthly,4.59,10187145.0,36.36,Rural,6.9750000000000005
2019-05-31,Puducherry, Monthly,0.0,172474.0,43.08,Rural,6.699166666666667
2019-06-30,Puducherry, Monthly,0.0,184527.0,45.95,Rural,6.392499999999999
2019-07-31,Puducherry, Monthly,0.0,139227.0,34.56,Rural,6.033333333333332
2019-08-31,Puducherry, Monthly,4.85,183930.0,47.83,Rural,6.0808333333333335
2019-09-30,Puducherry, Monthly,0.0,175718.0,43.34,Rural,5.6875
2019-10-31,Puducherry, Monthly,1.18,180283.0,44.85,Rural,5.396666666666667
2019-11-30,Puducherry, Monthly,0.0,142787.0,35.0,Rural,5.245833333333333
2019-12-31,Puducherry, Monthly,1.99,180808.0,45.07,Rural,5.135833333333333
2020-01-31,Puducherry, Monthly,0.58,176252.0,43.18,Rural,3.9266666666666663
2020-02-29,Puducherry, Monthly,1.74,183619.0,45.38,Rural,2.0316666666666667
2020-03-31,Puducherry, Monthly,2.31,142176.0,35.23,Rural,1.4366666666666665
2020-04-30,Puducherry, Monthly,74.51,49420.0,46.79,Rural,7.263333333333333
2019-05-31,Punjab, Monthly,9.17,6088547.0,44.79,Rural,8.027500000000002
2019-06-30,Punjab, Monthly,12.21,6025235.0,45.79,Rural,9.045
2019-07-31,Punjab, Monthly,9.64,6308129.0,46.5,Rural,9.848333333333334
2019-08-31,Punjab, Monthly,6.69,6183427.0,44.08,Rural,10.001666666666669
2019-09-30,Punjab, Monthly,8.59,6260971.0,45.49,Rural,10.717500000000001
2019-10-31,Punjab, Monthly,12.56,6021921.0,45.66,Rural,11.665833333333333
2019-11-30,Punjab, Monthly,7.07,6395022.0,45.55,Rural,12.255
2019-12-31,Punjab, Monthly,6.13,6164215.0,43.4,Rural,12.6
2020-01-31,Punjab, Monthly,9.69,6189471.0,45.22,Rural,13.359166666666667
2020-02-29,Punjab, Monthly,10.41,6009820.0,44.19,Rural,14.081666666666669
2020-03-31,Punjab, Monthly,10.51,6373692.0,46.85,Rural,14.765
2020-04-30,Punjab, Monthly,3.69,4721590.0,32.2,Rural,8.863333333333333
2020-05-31,Punjab, Monthly,40.59,3727366.0,41.14,Rural,11.481666666666667
2020-06-30,Punjab, Monthly,20.0,5364047.0,43.9,Rural,12.130833333333333
2019-05-31,Rajasthan, Monthly,4.03,15226005.0,38.52,Rural,11.663333333333332
2019-06-30,Rajasthan, Monthly,13.7,14610564.0,41.02,Rural,12.2475
2019-07-31,Rajasthan, Monthly,9.7,14859873.0,39.78,Rural,12.339999999999998
2019-08-31,Rajasthan, Monthly,12.5,15052051.0,41.48,Rural,12.334999999999999
2019-09-30,Rajasthan, Monthly,5.45,15419779.0,39.24,Rural,12.200000000000001
2019-10-31,Rajasthan, Monthly,14.66,15178544.0,42.69,Rural,12.910833333333334
2019-11-30,Rajasthan, Monthly,10.47,15278556.0,40.87,Rural,12.975833333333334
2019-12-31,Rajasthan, Monthly,13.96,15485307.0,43.0,Rural,13.271666666666668
2020-01-31,Rajasthan, Monthly,8.0,15484353.0,40.12,Rural,13.062500000000002
2020-02-29,Rajasthan, Monthly,14.48,15040572.0,41.83,Rural,13.961666666666666
2020-03-31,Rajasthan, Monthly,9.47,15059769.0,39.47,Rural,11.368333333333334
2020-04-30,Rajasthan, Monthly,12.25,13051219.0,35.21,Rural,10.722500000000002
2020-05-31,Rajasthan, Monthly,10.45,15586833.0,41.11,Rural,11.2575
2020-06-30,Rajasthan, Monthly,13.86,16076978.0,43.98,Rural,11.270833333333334
2019-10-31,Sikkim, Monthly,5.48,146688.0,44.06,Rural,10.919166666666667
2019-11-30,Sikkim, Monthly,13.11,162426.0,53.04,Rural,10.97
2019-12-31,Sikkim, Monthly,1.0,161647.0,46.3,Rural,10.599166666666667
2020-04-30,Sikkim, Monthly,0.0,133399.0,37.72,Rural,9.3775
2020-06-30,Sikkim, Monthly,5.81,141313.0,42.36,Rural,8.989166666666666
2019-05-31,Tamil Nadu, Monthly,0.97,15844698.0,49.44,Rural,7.906666666666666
2019-06-30,Tamil Nadu, Monthly,0.92,16375303.0,50.99,Rural,7.316666666666666
2019-07-31,Tamil Nadu, Monthly,6.01,16455928.0,53.94,Rural,6.610833333333333
2019-08-31,Tamil Nadu, Monthly,2.91,16463931.0,52.17,Rural,6.064166666666666
2019-09-30,Tamil Nadu, Monthly,1.71,14595441.0,45.62,Rural,5.185833333333333
2019-10-31,Tamil Nadu, Monthly,1.46,15595647.0,48.55,Rural,4.4366666666666665
2019-11-30,Tamil Nadu, Monthly,2.46,16223430.0,50.95,Rural,3.4866666666666664
2019-12-31,Tamil Nadu, Monthly,3.73,15356938.0,48.8,Rural,3.340833333333333
2020-01-31,Tamil Nadu, Monthly,1.18,14954646.0,46.23,Rural,2.3466666666666667
2020-02-29,Tamil Nadu, Monthly,1.17,15828488.0,48.86,Rural,2.3608333333333333
2020-03-31,Tamil Nadu, Monthly,6.36,15848590.0,51.56,Rural,2.890833333333333
2020-04-30,Tamil Nadu, Monthly,53.19,5086200.0,33.05,Rural,6.839166666666666
2020-05-31,Tamil Nadu, Monthly,38.73,5768342.0,28.6,Rural,9.985833333333332
2020-06-30,Tamil Nadu, Monthly,2.06,10169115.0,31.49,Rural,10.080833333333333
2019-05-31,Telangana, Monthly,2.23,11053353.0,61.74,Rural,9.765833333333331
2019-06-30,Telangana, Monthly,5.92,10728822.0,62.19,Rural,10.016666666666666
2019-07-31,Telangana, Monthly,2.45,11538688.0,64.4,Rural,10.078333333333333
2019-08-31,Telangana, Monthly,1.4,10743959.0,59.23,Rural,10.073333333333332
2019-09-30,Telangana, Monthly,5.49,12636415.0,72.57,Rural,10.325833333333334
2019-10-31,Telangana, Monthly,7.29,11375354.0,66.49,Rural,10.622499999999999
2019-11-30,Telangana, Monthly,6.47,11265828.0,65.17,Rural,11.063333333333333
2019-12-31,Telangana, Monthly,1.35,11068056.0,60.61,Rural,11.078333333333331
2020-01-31,Telangana, Monthly,5.02,12065915.0,68.51,Rural,10.966666666666667
2020-02-29,Telangana, Monthly,9.02,11304474.0,66.92,Rural,7.285833333333333
2020-03-31,Telangana, Monthly,5.63,12028377.0,68.53,Rural,4.527499999999999
2020-04-30,Telangana, Monthly,4.51,8793799.0,49.44,Rural,4.731666666666666
2020-05-31,Telangana, Monthly,34.01,7508747.0,61.0,Rural,7.379999999999999
2020-06-30,Telangana, Monthly,19.3,8891181.0,58.97,Rural,8.495
2019-05-31,Tripura, Monthly,29.25,1019549.0,64.47,Rural,10.728333333333332
2019-06-30,Tripura, Monthly,26.64,1107013.0,67.4,Rural,12.831666666666665
2019-07-31,Tripura, Monthly,22.47,1052597.0,60.54,Rural,14.246666666666664
2019-08-31,Tripura, Monthly,25.49,975501.0,58.29,Rural,15.763333333333334
2019-09-30,Tripura, Monthly,30.23,1034408.0,65.9,Rural,17.743333333333332
2019-10-31,Tripura, Monthly,27.54,1113764.0,68.21,Rural,19.925833333333333
2019-11-30,Tripura, Monthly,25.25,1084633.0,64.29,Rural,21.611666666666665
2019-12-31,Tripura, Monthly,26.53,1046878.0,63.02,Rural,23.07083333333333
2020-01-31,Tripura, Monthly,31.91,1057975.0,68.61,Rural,25.260833333333334
2020-02-29,Tripura, Monthly,26.22,1169347.0,69.88,Rural,27.069999999999997
2020-03-31,Tripura, Monthly,31.61,1060946.0,68.28,Rural,26.87
2020-04-30,Tripura, Monthly,43.64,675083.0,52.63,Rural,28.89833333333333
2020-05-31,Tripura, Monthly,14.71,911789.0,46.9,Rural,27.686666666666667
2020-06-30,Tripura, Monthly,18.84,1106978.0,59.74,Rural,27.036666666666665
2019-05-31,Uttar Pradesh, Monthly,10.26,43287808.0,39.96,Rural,26.019166666666663
2019-06-30,Uttar Pradesh, Monthly,11.13,42276572.0,39.32,Rural,24.8225
2019-07-31,Uttar Pradesh, Monthly,9.19,42697000.0,38.78,Rural,23.069166666666664
2019-08-31,Uttar Pradesh, Monthly,11.47,43298746.0,40.24,Rural,21.73
2019-09-30,Uttar Pradesh, Monthly,6.45,44198762.0,38.79,Rural,20.16333333333333
2019-10-31,Uttar Pradesh, Monthly,10.18,42833265.0,39.07,Rural,18.800833333333333
2019-11-30,Uttar Pradesh, Monthly,6.94,43261530.0,38.01,Rural,16.72
2019-12-31,Uttar Pradesh, Monthly,8.43,44640087.0,39.77,Rural,15.237499999999999
2020-01-31,Uttar Pradesh, Monthly,6.06,45777509.0,39.67,Rural,13.108333333333334
2020-02-29,Uttar Pradesh, Monthly,8.12,44257432.0,39.13,Rural,10.148333333333332
2020-03-31,Uttar Pradesh, Monthly,9.37,43086706.0,38.53,Rural,9.703333333333333
2020-04-30,Uttar Pradesh, Monthly,19.92,39970677.0,40.37,Rural,9.793333333333331
2020-05-31,Uttar Pradesh, Monthly,16.89,38640999.0,37.52,Rural,10.345833333333333
2020-06-30,Uttar Pradesh, Monthly,8.51,41908909.0,36.89,Rural,10.1275
2019-05-31,Uttarakhand, Monthly,1.63,2108044.0,37.47,Rural,9.497499999999999
2019-06-30,Uttarakhand, Monthly,4.65,2021553.0,37.01,Rural,8.929166666666665
2019-07-31,Uttarakhand, Monthly,5.74,2000524.0,36.97,Rural,8.87
2019-08-31,Uttarakhand, Monthly,6.11,1911380.0,35.39,Rural,8.530833333333334
2019-09-30,Uttarakhand, Monthly,3.47,2157845.0,38.79,Rural,8.241666666666667
2019-10-31,Uttarakhand, Monthly,4.83,2027662.0,36.9,Rural,7.941666666666666
2019-11-30,Uttarakhand, Monthly,5.56,2007113.0,36.73,Rural,7.8999999999999995
2019-12-31,Uttarakhand, Monthly,4.52,1947566.0,35.19,Rural,7.6000000000000005
2020-01-31,Uttarakhand, Monthly,4.17,1986386.0,35.69,Rural,7.166666666666667
2020-02-29,Uttarakhand, Monthly,4.85,2057523.0,37.16,Rural,5.910833333333333
2020-04-30,Uttarakhand, Monthly,3.66,1972074.0,35.04,Rural,4.808333333333333
2020-05-31,Uttarakhand, Monthly,3.57,1915482.0,33.94,Rural,4.3966666666666665
2020-06-30,Uttarakhand, Monthly,10.71,1675441.0,32.0,Rural,5.153333333333332
2019-05-31,West Bengal, Monthly,6.02,23452875.0,46.41,Rural,5.267499999999999
2019-06-30,West Bengal, Monthly,5.85,25543465.0,50.36,Rural,5.276666666666666
2019-07-31,West Bengal, Monthly,5.62,24857807.0,48.78,Rural,5.235833333333333
2019-08-31,West Bengal, Monthly,5.58,24924827.0,48.79,Rural,5.411666666666666
2019-09-30,West Bengal, Monthly,5.26,25610773.0,49.87,Rural,5.447499999999999
2019-10-31,West Bengal, Monthly,6.78,24353018.0,48.09,Rural,5.5491666666666655
2019-11-30,West Bengal, Monthly,5.83,25630359.0,50.0,Rural,5.658333333333332
2019-12-31,West Bengal, Monthly,5.79,24906239.0,48.47,Rural,5.793333333333333
2020-01-31,West Bengal, Monthly,6.79,24612171.0,48.3,Rural,5.954999999999998
2020-02-29,West Bengal, Monthly,3.78,26093009.0,49.51,Rural,5.964999999999999
2020-03-31,West Bengal, Monthly,7.02,25097812.0,49.18,Rural,6.2525
2020-04-30,West Bengal, Monthly,18.32,17639370.0,39.27,Rural,6.886666666666666
2020-05-31,West Bengal, Monthly,18.43,19115772.0,42.53,Rural,7.920833333333332
2020-06-30,West Bengal, Monthly,4.94,21225887.0,40.44,Rural,7.845
2020-06-30,West Bengal, Monthly,4.94,21225887.0,40.44,Rural,7.788333333333333
2020-06-30,West Bengal, Monthly,4.94,21225887.0,40.44,Rural,7.734999999999999
2020-06-30,West Bengal, Monthly,4.94,21225887.0,40.44,Rural,7.708333333333332
2020-06-30,West Bengal, Monthly,4.94,21225887.0,40.44,Rural,7.554999999999999
2020-06-30,West Bengal, Monthly,4.94,21225887.0,40.44,Rural,7.480833333333333
2020-06-30,West Bengal, Monthly,4.94,21225887.0,40.44,Rural,7.41
2020-06-30,West Bengal, Monthly,4.94,21225887.0,40.44,Rural,7.2558333333333325
2020-06-30,West Bengal, Monthly,4.94,21225887.0,40.44,Rural,7.352499999999999
2020-06-30,West Bengal, Monthly,4.94,21225887.0,40.44,Rural,7.179166666666666
2020-06-30,West Bengal, Monthly,4.94,21225887.0,40.44,Rural,6.064166666666666
2020-06-30,West Bengal, Monthly,4.94,21225887.0,40.44,Rural,4.94
2020-06-30,West Bengal, Monthly,4.94,21225887.0,40.44,Rural,4.94
2020-06-30,West Bengal, Monthly,4.94,21225887.0,40.44,Rural,4.94
2020-06-30,West Bengal, Monthly,4.94,21225887.0,40.44,Rural,4.94
2019-05-31,Andhra Pradesh,Monthly,6.09,4788661.0,37.45,Urban,5.035833333333334
2019-06-30,Andhra Pradesh,Monthly,3.8,4824630.0,36.76,Urban,4.940833333333333
2019-07-31,Andhra Pradesh,Monthly,5.64,4657443.0,36.1,Urban,4.9991666666666665
2019-08-31,Andhra Pradesh,Monthly,4.61,4743179.0,36.29,Urban,4.971666666666667
2019-09-30,Andhra Pradesh,Monthly,6.01,4733996.0,36.69,Urban,5.060833333333333
2019-10-31,Andhra Pradesh,Monthly,4.7,4774377.0,36.41,Urban,5.040833333333333
2019-11-30,Andhra Pradesh,Monthly,7.54,4668772.0,36.62,Urban,5.257499999999999
2019-12-31,Andhra Pradesh,Monthly,7.88,4913963.0,38.61,Urban,5.5025
2020-01-31,Andhra Pradesh,Monthly,7.11,4618860.0,35.91,Urban,5.683333333333334
2020-02-29,Andhra Pradesh,Monthly,5.66,4822035.0,36.84,Urban,5.743333333333332
2020-03-31,Andhra Pradesh,Monthly,9.88,4521537.0,36.08,Urban,6.155
2020-04-30,Andhra Pradesh,Monthly,32.3,2544084.0,26.97,Urban,8.435
2020-05-31,Andhra Pradesh,Monthly,24.91,3428356.0,32.69,Urban,10.003333333333332
2020-06-30,Andhra Pradesh,Monthly,5.86,4954389.0,37.61,Urban,10.174999999999999
2019-05-31,Assam,Monthly,7.87,1671707.0,44.92,Urban,10.360833333333334
2019-06-30,Assam,Monthly,9.89,1647342.0,45.17,Urban,10.800833333333335
2019-07-31,Assam,Monthly,3.21,1739838.0,44.32,Urban,10.567499999999999
2019-08-31,Assam,Monthly,10.39,1595582.0,43.81,Urban,11.041666666666666
2019-09-30,Assam,Monthly,9.26,1576480.0,42.66,Urban,11.185
2019-10-31,Assam,Monthly,11.17,1595176.0,44.01,Urban,11.459166666666667
2019-11-30,Assam,Monthly,6.31,1708045.0,44.59,Urban,11.3925
2019-12-31,Assam,Monthly,5.02,1722303.0,44.26,Urban,11.339166666666669
2020-01-31,Assam,Monthly,7.24,1630908.0,42.82,Urban,11.119166666666667
2020-02-29,Assam,Monthly,9.98,1625454.0,43.9,Urban,9.259166666666667
2020-03-31,Assam,Monthly,10.34,1664145.0,45.03,Urban,8.045
2020-04-30,Assam,Monthly,8.37,1454956.0,38.45,Urban,8.254166666666668
2020-05-31,Assam,Monthly,10.77,1441722.0,39.04,Urban,8.495833333333334
2020-06-30,Assam,Monthly,3.42,1551007.0,38.73,Urban,7.956666666666667
2019-05-31,Bihar,Monthly,19.9,3029344.0,39.8,Urban,9.3475
2019-06-30,Bihar,Monthly,13.29,3248864.0,39.35,Urban,9.589166666666667
2019-07-31,Bihar,Monthly,16.41,3059744.0,38.36,Urban,10.185
2019-08-31,Bihar,Monthly,17.66,2994763.0,38.03,Urban,10.725833333333334
2019-09-30,Bihar,Monthly,20.46,2992082.0,39.25,Urban,11.905
2019-10-31,Bihar,Monthly,14.06,3173429.0,38.45,Urban,12.658333333333331
2019-11-30,Bihar,Monthly,17.62,3081077.0,38.86,Urban,13.523333333333333
2019-12-31,Bihar,Monthly,14.91,2977857.0,36.29,Urban,13.934166666666664
2020-01-31,Bihar,Monthly,20.69,2988665.0,38.99,Urban,14.796666666666667
2020-02-29,Bihar,Monthly,15.11,3113464.0,37.87,Urban,15.358333333333334
2020-03-31,Bihar,Monthly,15.73,3049637.0,37.29,Urban,15.771666666666667
2020-04-30,Bihar,Monthly,58.77,1400962.0,34.94,Urban,20.38416666666667
2020-05-31,Bihar,Monthly,37.87,2207026.0,36.45,Urban,21.881666666666664
2020-06-30,Bihar,Monthly,12.45,3124663.0,36.54,Urban,21.811666666666667
2019-05-31,Chandigarh,Monthly,18.35,348042.0,44.89,Urban,21.973333333333333
2019-06-30,Chandigarh,Monthly,12.4,337145.0,40.44,Urban,21.535
2019-07-31,Chandigarh,Monthly,21.8,294379.0,39.47,Urban,21.646666666666665
2019-08-31,Chandigarh,Monthly,9.52,328282.0,37.95,Urban,21.268333333333334
2019-09-30,Chandigarh,Monthly,20.14,327239.0,42.77,Urban,21.478333333333335
2019-10-31,Chandigarh,Monthly,13.99,330856.0,40.06,Urban,21.401666666666667
2019-11-30,Chandigarh,Monthly,22.05,289593.0,38.6,Urban,21.515
2019-12-31,Chandigarh,Monthly,8.33,311146.0,35.19,Urban,20.95
2020-01-31,Chandigarh,Monthly,20.0,332062.0,42.94,Urban,21.305833333333336
2020-02-29,Chandigarh,Monthly,16.67,316887.0,39.25,Urban,17.7975
2020-03-31,Chandigarh,Monthly,21.43,279839.0,36.68,Urban,16.4275
2020-06-30,Chandigarh,Monthly,7.22,306505.0,33.8,Urban,15.991666666666667
2019-05-31,Chhattisgarh,Monthly,9.77,2223129.0,45.61,Urban,15.276666666666669
2019-06-30,Chhattisgarh,Monthly,11.77,2192020.0,45.88,Urban,15.224166666666667
2019-07-31,Chhattisgarh,Monthly,8.17,2285436.0,45.85,Urban,14.088333333333333
2019-08-31,Chhattisgarh,Monthly,6.29,2392400.0,46.91,Urban,13.819166666666668
2019-09-30,Chhattisgarh,Monthly,9.46,2311507.0,46.8,Urban,12.929166666666667
2019-10-31,Chhattisgarh,Monthly,10.27,2297096.0,46.82,Urban,12.619166666666665
2019-11-30,Chhattisgarh,Monthly,8.32,2341284.0,46.59,Urban,11.475000000000001
2019-12-31,Chhattisgarh,Monthly,3.57,2415436.0,45.59,Urban,11.078333333333333
2020-01-31,Chhattisgarh,Monthly,9.01,2315972.0,46.21,Urban,10.1625
2020-02-29,Chhattisgarh,Monthly,9.79,2347941.0,47.14,Urban,9.589166666666667
2020-03-31,Chhattisgarh,Monthly,8.21,2407509.0,47.39,Urban,8.487499999999999
2020-04-30,Chhattisgarh,Monthly,20.13,1066126.0,24.06,Urban,9.563333333333333
2020-05-31,Chhattisgarh,Monthly,24.1,1276291.0,30.24,Urban,10.7575
2020-06-30,Chhattisgarh,Monthly,27.07,1602231.0,39.41,Urban,12.032499999999999
2019-05-31,Delhi,Monthly,12.31,5756475.0,44.17,Urban,12.3775
2019-06-30,Delhi,Monthly,12.76,5550172.0,42.71,Urban,12.916666666666666
2019-07-31,Delhi,Monthly,14.68,5393091.0,42.34,Urban,13.351666666666667
2019-08-31,Delhi,Monthly,13.52,5552510.0,42.9,Urban,13.6225
2019-09-30,Delhi,Monthly,20.59,5642253.0,47.36,Urban,14.645000000000001
2019-10-31,Delhi,Monthly,12.41,6030363.0,45.78,Urban,15.381666666666668
2019-11-30,Delhi,Monthly,16.11,5439600.0,43.02,Urban,15.973333333333331
2019-12-31,Delhi,Monthly,11.07,5718337.0,42.56,Urban,16.080000000000002
2020-01-31,Delhi,Monthly,22.45,5647493.0,48.09,Urban,17.266666666666666
2020-02-29,Delhi,Monthly,14.86,5708807.0,44.18,Urban,16.8275
2020-03-31,Delhi,Monthly,17.09,5401392.0,42.82,Urban,16.243333333333332
2020-04-30,Delhi,Monthly,16.51,3003787.0,23.59,Urban,15.363333333333335
2020-05-31,Delhi,Monthly,45.78,2343783.0,28.28,Urban,18.1525
2020-06-30,Delhi,Monthly,18.11,4306807.0,34.32,Urban,18.598333333333333
2019-05-31,Goa,Monthly,2.75,264855.0,34.17,Urban,17.604166666666668
2019-06-30,Goa,Monthly,13.33,304015.0,43.96,Urban,17.588333333333335
2019-07-31,Goa,Monthly,12.28,280367.0,40.0,Urban,16.895833333333332
2019-08-31,Goa,Monthly,4.9,243277.0,31.97,Urban,16.27
2019-09-30,Goa,Monthly,3.16,309643.0,39.92,Urban,15.190833333333336
2019-10-31,Goa,Monthly,12.31,290264.0,41.27,Urban,15.294166666666667
2019-11-30,Goa,Monthly,25.2,271612.0,45.22,Urban,15.523333333333333
2019-12-31,Goa,Monthly,16.22,288154.0,42.77,Urban,15.636666666666668
2020-01-31,Goa,Monthly,10.92,257814.0,35.95,Urban,15.1225
2020-02-29,Goa,Monthly,4.31,306396.0,39.73,Urban,14.105833333333331
2020-03-31,Goa,Monthly,4.76,277093.0,36.05,Urban,10.6875
2020-04-30,Goa,Monthly,11.76,318957.0,44.74,Urban,10.158333333333333
2019-05-31,Gujarat,Monthly,4.09,9686558.0,41.67,Urban,10.270000000000001
2019-06-30,Gujarat,Monthly,6.31,10144965.0,44.57,Urban,9.685
2019-07-31,Gujarat,Monthly,5.15,9828023.0,42.54,Urban,9.090833333333332
2019-08-31,Gujarat,Monthly,4.2,10228154.0,43.72,Urban,9.0325
2019-09-30,Gujarat,Monthly,5.96,9609939.0,41.75,Urban,9.265833333333333
2019-10-31,Gujarat,Monthly,5.45,10474217.0,45.14,Urban,8.694166666666666
2019-11-30,Gujarat,Monthly,7.53,9896129.0,43.5,Urban,7.221666666666667
2019-12-31,Gujarat,Monthly,5.71,10172812.0,43.75,Urban,6.345833333333334
2020-01-31,Gujarat,Monthly,5.82,9824501.0,42.19,Urban,5.920833333333333
2020-02-29,Gujarat,Monthly,6.04,10784753.0,46.31,Urban,6.065
2020-03-31,Gujarat,Monthly,5.39,10083026.0,42.9,Urban,6.117500000000001
2020-04-30,Gujarat,Monthly,25.94,6701284.0,36.33,Urban,7.299166666666667
2020-05-31,Gujarat,Monthly,11.62,6072776.0,27.52,Urban,7.926666666666667
2020-06-30,Gujarat,Monthly,4.54,10574711.0,44.26,Urban,7.779166666666666
2019-05-31,Haryana,Monthly,24.67,2693596.0,43.18,Urban,9.405833333333334
2019-06-30,Haryana,Monthly,20.42,2845190.0,43.06,Urban,10.7575
2019-07-31,Haryana,Monthly,25.45,2405973.0,38.77,Urban,12.381666666666668
2019-08-31,Haryana,Monthly,24.19,2523005.0,39.87,Urban,13.943333333333333
2019-09-30,Haryana,Monthly,26.84,2675862.0,43.7,Urban,15.5525
2019-10-31,Haryana,Monthly,21.04,2821456.0,42.58,Urban,16.830000000000002
2019-11-30,Haryana,Monthly,27.06,2404239.0,39.18,Urban,18.599999999999998
2019-12-31,Haryana,Monthly,23.65,2548835.0,39.57,Urban,20.0675
2020-01-31,Haryana,Monthly,27.24,2630938.0,42.75,Urban,21.888333333333335
2020-02-29,Haryana,Monthly,23.29,2752834.0,42.32,Urban,21.6675
2020-03-31,Haryana,Monthly,27.14,2275407.0,36.73,Urban,22.960833333333337
2020-04-30,Haryana,Monthly,46.89,1606580.0,35.48,Urban,26.49
2020-05-31,Haryana,Monthly,38.46,2013083.0,38.27,Urban,27.639166666666664
2020-06-30,Haryana,Monthly,29.41,2304138.0,38.09,Urban,28.388333333333335
2019-05-31,Himachal Pradesh,Monthly,10.88,245668.0,45.27,Urban,27.174166666666668
2019-06-30,Himachal Pradesh,Monthly,21.43,237576.0,49.58,Urban,26.944166666666664
2019-07-31,Himachal Pradesh,Monthly,21.51,235894.0,49.22,Urban,26.5
2019-08-31,Himachal Pradesh,Monthly,24.48,236315.0,51.17,Urban,26.786666666666665
2019-09-30,Himachal Pradesh,Monthly,12.0,247210.0,45.87,Urban,25.531666666666666
2019-10-31,Himachal Pradesh,Monthly,23.77,232322.0,49.69,Urban,25.541666666666668
2019-11-30,Himachal Pradesh,Monthly,27.27,233029.0,52.17,Urban,25.544166666666666
2019-12-31,Himachal Pradesh,Monthly,25.32,241366.0,52.55,Urban,25.713333333333335
2020-01-31,Himachal Pradesh,Monthly,18.15,246596.0,48.92,Urban,24.964166666666667
2020-02-29,Himachal Pradesh,Monthly,27.31,227804.0,50.82,Urban,23.3325
2020-03-31,Himachal Pradesh,Monthly,26.44,221432.0,48.74,Urban,22.330833333333334
2020-04-30,Himachal Pradesh,Monthly,2.7,146957.0,24.42,Urban,20.105
2020-05-31,Himachal Pradesh,Monthly,50.0,134868.0,43.55,Urban,23.365
2020-06-30,Himachal Pradesh,Monthly,10.81,224902.0,40.66,Urban,22.48
2019-05-31,Jammu & Kashmir,Monthly,23.04,1130139.0,46.74,Urban,22.6075
2019-06-30,Jammu & Kashmir,Monthly,19.88,1139815.0,45.17,Urban,22.224166666666665
2019-07-31,Jammu & Kashmir,Monthly,21.55,1183770.0,47.8,Urban,23.02
2019-10-31,Jammu & Kashmir,Monthly,24.06,1029087.0,42.63,Urban,23.044166666666666
2019-11-30,Jammu & Kashmir,Monthly,14.29,1226793.0,44.92,Urban,21.962500000000002
2019-12-31,Jammu & Kashmir,Monthly,7.02,1209085.0,40.71,Urban,20.4375
2020-01-31,Jammu & Kashmir,Monthly,18.54,1079537.0,41.4,Urban,20.470000000000002
2020-02-29,Jammu & Kashmir,Monthly,19.86,1060116.0,41.23,Urban,19.849166666666665
2020-03-31,Jammu & Kashmir,Monthly,14.29,998103.0,36.21,Urban,18.83666666666667
2020-05-31,Jammu & Kashmir,Monthly,12.96,937435.0,33.33,Urban,19.691666666666666
2019-05-31,Jharkhand,Monthly,17.23,2404033.0,43.25,Urban,16.960833333333333
2019-06-30,Jharkhand,Monthly,20.51,2326911.0,43.51,Urban,17.769166666666667
2019-07-31,Jharkhand,Monthly,15.67,2434579.0,42.82,Urban,17.155
2019-08-31,Jharkhand,Monthly,20.25,2335406.0,43.35,Urban,17.185833333333335
2019-09-30,Jharkhand,Monthly,21.16,2357627.0,44.18,Urban,17.153333333333332
2019-10-31,Jharkhand,Monthly,19.05,2460196.0,44.82,Urban,16.735833333333332
2019-11-30,Jharkhand,Monthly,17.34,2424281.0,43.17,Urban,16.99
2019-12-31,Jharkhand,Monthly,22.01,2290170.0,43.14,Urban,18.239166666666666
2020-01-31,Jharkhand,Monthly,22.96,2329293.0,44.33,Urban,18.6075
2020-02-29,Jharkhand,Monthly,19.67,2493023.0,45.42,Urban,18.591666666666665
2020-03-31,Jharkhand,Monthly,16.4,2480661.0,43.34,Urban,18.767500000000002
2020-04-30,Jharkhand,Monthly,61.48,1054829.0,39.92,Urban,22.810833333333335
2020-05-31,Jharkhand,Monthly,70.17,830347.0,40.49,Urban,27.2225
2020-06-30,Jharkhand,Monthly,19.38,2244460.0,40.43,Urban,27.12833333333333
2019-05-31,Karnataka,Monthly,6.56,8638239.0,40.62,Urban,26.36916666666667
2019-06-30,Karnataka,Monthly,5.0,8862498.0,40.89,Urban,25.098333333333333
2019-07-31,Karnataka,Monthly,2.29,8738029.0,39.09,Urban,23.525833333333335
2019-08-31,Karnataka,Monthly,1.27,8614340.0,38.04,Urban,22.044166666666666
2019-09-30,Karnataka,Monthly,3.57,8647794.0,39.0,Urban,20.89666666666667
2019-10-31,Karnataka,Monthly,3.87,8799249.0,39.7,Urban,19.385
2019-11-30,Karnataka,Monthly,3.44,8613835.0,38.6,Urban,17.758333333333336
2019-12-31,Karnataka,Monthly,1.56,8592376.0,37.66,Urban,16.249166666666667
2020-01-31,Karnataka,Monthly,3.31,8749154.0,38.94,Urban,15.158333333333331
2020-02-29,Karnataka,Monthly,2.88,8924061.0,39.45,Urban,10.275
2020-03-31,Karnataka,Monthly,4.92,9225835.0,41.55,Urban,4.8374999999999995
2020-04-30,Karnataka,Monthly,25.12,7387995.0,42.14,Urban,5.315833333333334
2020-05-31,Karnataka,Monthly,15.88,8669258.0,43.9,Urban,6.0925
2020-06-30,Karnataka,Monthly,6.12,8822411.0,39.93,Urban,6.185833333333334
2019-05-31,Kerala,Monthly,6.11,4605913.0,36.65,Urban,6.504166666666666
2019-06-30,Kerala,Monthly,6.67,4678374.0,37.42,Urban,6.954166666666667
2019-07-31,Kerala,Monthly,7.58,4105211.0,33.13,Urban,7.288333333333334
2019-08-31,Kerala,Monthly,7.69,4448650.0,35.91,Urban,7.6066666666666665
2019-09-30,Kerala,Monthly,5.52,4640642.0,36.57,Urban,7.780000000000001
2019-10-31,Kerala,Monthly,5.35,4644510.0,36.49,Urban,8.095833333333333
2019-11-30,Kerala,Monthly,6.71,4062767.0,32.36,Urban,8.379166666666666
2019-12-31,Kerala,Monthly,7.31,4440283.0,35.56,Urban,8.748333333333333
2020-01-31,Kerala,Monthly,6.65,4597507.0,36.53,Urban,8.8925
2020-02-29,Kerala,Monthly,6.08,4624444.0,36.48,Urban,7.305833333333333
2020-03-31,Kerala,Monthly,9.14,4079775.0,33.24,Urban,6.7441666666666675
2020-04-30,Kerala,Monthly,21.43,2179106.0,20.51,Urban,8.020000000000001
2020-05-31,Kerala,Monthly,30.28,2826118.0,29.95,Urban,10.034166666666666
2020-06-30,Kerala,Monthly,12.17,4601293.0,38.68,Urban,10.4925
2019-05-31,Madhya Pradesh,Monthly,3.91,6692720.0,38.96,Urban,10.186666666666667
2019-06-30,Madhya Pradesh,Monthly,6.38,6509340.0,38.8,Urban,10.0775
2019-07-31,Madhya Pradesh,Monthly,7.38,6266446.0,37.67,Urban,10.2325
2019-08-31,Madhya Pradesh,Monthly,6.82,6809834.0,40.6,Urban,10.355
2019-09-30,Madhya Pradesh,Monthly,7.0,6655967.0,39.67,Urban,10.379166666666668
2019-10-31,Madhya Pradesh,Monthly,4.4,6603715.0,38.2,Urban,10.136666666666667
2019-11-30,Madhya Pradesh,Monthly,6.06,6459457.0,37.94,Urban,10.0875
2019-12-31,Madhya Pradesh,Monthly,6.2,6787403.0,39.83,Urban,10.0975
2020-01-31,Madhya Pradesh,Monthly,5.17,6834930.0,39.59,Urban,9.766666666666667
2020-02-29,Madhya Pradesh,Monthly,4.96,6533435.0,37.68,Urban,8.394166666666667
2020-03-31,Madhya Pradesh,Monthly,4.8,6386723.0,36.68,Urban,6.270833333333333
2020-04-30,Madhya Pradesh,Monthly,11.94,4802873.0,29.76,Urban,6.251666666666666
2020-05-31,Madhya Pradesh,Monthly,40.49,3879934.0,35.49,Urban,9.299999999999999
2020-06-30,Madhya Pradesh,Monthly,12.72,6221562.0,38.72,Urban,9.828333333333335
2019-05-31,Maharashtra,Monthly,6.08,16962574.0,38.3,Urban,9.72
2019-06-30,Maharashtra,Monthly,6.46,17375053.0,39.3,Urban,9.69
2019-07-31,Maharashtra,Monthly,6.35,17215677.0,38.81,Urban,9.635833333333334
2019-08-31,Maharashtra,Monthly,7.57,16602767.0,37.84,Urban,9.9
2019-09-30,Maharashtra,Monthly,7.6,17396398.0,39.58,Urban,10.028333333333332
2019-10-31,Maharashtra,Monthly,7.51,17221991.0,39.05,Urban,10.1375
2019-11-30,Maharashtra,Monthly,7.6,17486683.0,39.61,Urban,10.34
2019-12-31,Maharashtra,Monthly,7.83,16581144.0,37.57,Urban,10.579166666666667
2020-01-31,Maharashtra,Monthly,6.67,16715470.0,37.32,Urban,10.735
2020-02-29,Maharashtra,Monthly,5.34,17122782.0,37.61,Urban,10.185
2020-03-31,Maharashtra,Monthly,6.34,17065830.0,37.8,Urban,7.339166666666666
2020-04-30,Maharashtra,Monthly,14.99,12674451.0,30.86,Urban,7.528333333333332
2020-05-31,Maharashtra,Monthly,15.92,12365754.0,30.38,Urban,8.348333333333333
2020-06-30,Maharashtra,Monthly,10.01,16172690.0,37.04,Urban,8.644166666666667
2019-05-31,Meghalaya,Monthly,8.4,228978.0,47.79,Urban,8.815
2019-06-30,Meghalaya,Monthly,8.66,231252.0,48.29,Urban,8.905833333333334
2019-07-31,Meghalaya,Monthly,4.43,284015.0,56.55,Urban,8.641666666666667
2019-08-31,Meghalaya,Monthly,5.8,259433.0,52.27,Urban,8.499166666666666
2019-09-30,Meghalaya,Monthly,5.3,253887.0,50.77,Urban,8.3075
2019-10-31,Meghalaya,Monthly,7.2,234375.0,47.71,Urban,8.254999999999999
2019-11-30,Meghalaya,Monthly,3.02,293431.0,57.02,Urban,7.9508333333333345
2019-12-31,Meghalaya,Monthly,5.21,267417.0,53.04,Urban,7.94
2020-01-31,Meghalaya,Monthly,4.76,261687.0,51.53,Urban,7.808333333333334
2020-02-29,Meghalaya,Monthly,7.37,233965.0,47.26,Urban,7.173333333333333
2020-03-31,Meghalaya,Monthly,2.8,289735.0,55.64,Urban,6.080000000000001
2020-04-30,Meghalaya,Monthly,17.39,161939.0,36.51,Urban,6.695
2020-05-31,Meghalaya,Monthly,14.58,222916.0,48.48,Urban,7.210000000000001
2019-05-31,Odisha,Monthly,2.95,2519582.0,41.26,Urban,6.734166666666666
2019-06-30,Odisha,Monthly,2.63,2356290.0,38.39,Urban,6.584166666666667
2019-07-31,Odisha,Monthly,1.78,2542237.0,40.99,Urban,6.249166666666667
2019-08-31,Odisha,Monthly,3.5,2456983.0,40.25,Urban,6.099166666666666
2019-09-30,Odisha,Monthly,3.78,2570663.0,42.15,Urban,5.814166666666668
2019-10-31,Odisha,Monthly,4.5,2456855.0,40.51,Urban,5.9375
2019-11-30,Odisha,Monthly,2.23,2594469.0,41.71,Urban,5.689166666666666
2019-12-31,Odisha,Monthly,3.36,2369048.0,38.46,Urban,5.572500000000001
2020-01-31,Odisha,Monthly,2.28,2561320.0,41.05,Urban,5.148333333333333
2020-02-29,Odisha,Monthly,2.19,2438080.0,38.97,Urban,5.0975
2020-03-31,Odisha,Monthly,3.96,2457952.0,39.93,Urban,3.9783333333333335
2020-04-30,Odisha,Monthly,20.5,1303244.0,25.53,Urban,4.471666666666667
2020-05-31,Odisha,Monthly,10.0,1975481.0,34.12,Urban,5.059166666666667
2020-06-30,Odisha,Monthly,2.18,2221069.0,35.24,Urban,5.0216666666666665
2019-05-31,Puducherry,Monthly,1.25,283905.0,35.71,Urban,4.9775
2019-06-30,Puducherry,Monthly,0.0,304369.0,37.73,Urban,4.685833333333334
2019-07-31,Puducherry,Monthly,0.0,281117.0,34.77,Urban,4.370833333333334
2019-08-31,Puducherry,Monthly,8.95,312882.0,42.41,Urban,4.741666666666667
2019-09-30,Puducherry,Monthly,1.22,286573.0,35.73,Urban,4.6575
2019-10-31,Puducherry,Monthly,1.17,312548.0,38.86,Urban,4.475
2019-11-30,Puducherry,Monthly,1.37,275003.0,34.19,Urban,4.399166666666667
2019-12-31,Puducherry,Monthly,5.21,313135.0,40.42,Urban,4.650833333333334
2020-01-31,Puducherry,Monthly,0.57,281698.0,34.59,Urban,4.368333333333333
2020-02-29,Puducherry,Monthly,1.78,310342.0,38.5,Urban,2.808333333333333
2020-03-31,Puducherry,Monthly,0.62,278851.0,34.12,Urban,2.026666666666667
2020-04-30,Puducherry,Monthly,76.74,68122.0,35.54,Urban,8.24
2020-05-31,Puducherry,Monthly,75.0,64538.0,31.25,Urban,14.385833333333332
2020-06-30,Puducherry,Monthly,4.55,234926.0,29.73,Urban,14.765
2019-05-31,Punjab,Monthly,13.49,3289918.0,40.03,Urban,15.889166666666666
2019-06-30,Punjab,Monthly,13.17,3307798.0,40.02,Urban,16.240833333333335
2019-07-31,Punjab,Monthly,11.61,3592442.0,42.62,Urban,17.106666666666666
2019-08-31,Punjab,Monthly,11.99,3499863.0,41.61,Urban,18.008333333333333
2019-09-30,Punjab,Monthly,15.69,3227178.0,39.97,Urban,19.201666666666664
2019-10-31,Punjab,Monthly,13.75,3070438.0,37.1,Urban,19.913333333333334
2019-11-30,Punjab,Monthly,10.39,3602243.0,41.82,Urban,20.731666666666666
2019-12-31,Punjab,Monthly,11.97,3575778.0,42.17,Urban,21.58083333333333
2020-01-31,Punjab,Monthly,13.68,3252622.0,39.04,Urban,22.669166666666666
2020-02-29,Punjab,Monthly,11.99,3219227.0,37.82,Urban,17.273333333333333
2020-03-31,Punjab,Monthly,9.97,3601793.0,41.29,Urban,11.854166666666666
2020-04-30,Punjab,Monthly,1.13,2298975.0,23.95,Urban,11.569166666666666
2020-05-31,Punjab,Monthly,20.54,2682658.0,34.71,Urban,12.156666666666666
2020-06-30,Punjab,Monthly,10.55,3047750.0,34.96,Urban,11.938333333333333
2019-05-31,Rajasthan,Monthly,13.62,5108436.0,39.44,Urban,12.105833333333335
2019-06-30,Rajasthan,Monthly,14.36,5241174.0,40.73,Urban,12.303333333333333
2019-07-31,Rajasthan,Monthly,11.67,5372470.0,40.38,Urban,11.968333333333334
2019-08-31,Rajasthan,Monthly,14.71,5195170.0,40.34,Urban,12.048333333333332
2019-09-30,Rajasthan,Monthly,12.63,5176819.0,39.15,Urban,12.235000000000001
2019-10-31,Rajasthan,Monthly,13.02,5384335.0,40.8,Urban,12.3225
2019-11-30,Rajasthan,Monthly,14.3,5306715.0,40.73,Urban,12.374166666666667
2019-12-31,Rajasthan,Monthly,18.04,5109481.0,40.9,Urban,12.878333333333332
2020-01-31,Rajasthan,Monthly,18.82,5157363.0,41.59,Urban,13.615833333333333
2020-02-29,Rajasthan,Monthly,17.02,5288343.0,41.62,Urban,14.94
2020-03-31,Rajasthan,Monthly,18.54,4964911.0,39.71,Urban,14.773333333333333
2020-04-30,Rajasthan,Monthly,35.53,2932923.0,29.57,Urban,16.855
2020-05-31,Rajasthan,Monthly,25.35,4225486.0,36.71,Urban,17.8325
2020-06-30,Rajasthan,Monthly,13.04,5275784.0,39.26,Urban,17.7225
2019-05-31,Sikkim,Monthly,8.2,89587.0,48.61,Urban,17.433333333333334
2019-06-30,Sikkim,Monthly,7.76,89702.0,48.13,Urban,16.854166666666668
2019-07-31,Sikkim,Monthly,2.56,108334.0,54.67,Urban,16.015
2019-08-31,Sikkim,Monthly,4.82,90850.0,46.63,Urban,15.331666666666669
2019-09-30,Sikkim,Monthly,4.81,89450.0,45.61,Urban,14.540833333333333
2019-10-31,Sikkim,Monthly,9.68,87974.0,46.97,Urban,13.844166666666666
2019-11-30,Sikkim,Monthly,4.04,107751.0,53.8,Urban,12.612500000000002
2019-12-31,Sikkim,Monthly,7.37,88035.0,45.24,Urban,11.808333333333335
2020-03-31,Sikkim,Monthly,20.45,86186.0,50.57,Urban,11.967500000000001
2020-04-30,Sikkim,Monthly,5.77,81905.0,40.31,Urban,9.487499999999999
2020-05-31,Sikkim,Monthly,19.75,75456.0,43.32,Urban,9.020833333333334
2020-06-30,Sikkim,Monthly,2.63,76269.0,35.85,Urban,8.153333333333334
2019-05-31,Tamil Nadu,Monthly,0.89,11798080.0,37.31,Urban,7.5441666666666665
2019-06-30,Tamil Nadu,Monthly,1.56,12318745.0,39.16,Urban,7.0275
2019-07-31,Tamil Nadu,Monthly,3.18,12054414.0,38.89,Urban,7.079166666666667
2019-08-31,Tamil Nadu,Monthly,9.53,11933093.0,41.13,Urban,7.471666666666667
2019-09-30,Tamil Nadu,Monthly,1.86,11902824.0,37.76,Urban,7.225833333333333
2019-10-31,Tamil Nadu,Monthly,1.13,12223948.0,38.42,Urban,6.513333333333333
2019-11-30,Tamil Nadu,Monthly,2.65,11729952.0,37.38,Urban,6.3975
2019-12-31,Tamil Nadu,Monthly,8.05,12260389.0,41.29,Urban,6.454166666666667
2020-01-31,Tamil Nadu,Monthly,2.05,11926995.0,37.64,Urban,4.920833333333333
2020-02-29,Tamil Nadu,Monthly,3.31,11742101.0,37.48,Urban,4.715833333333333
2020-03-31,Tamil Nadu,Monthly,6.46,10982178.0,36.17,Urban,3.608333333333334
2020-04-30,Tamil Nadu,Monthly,45.55,4632967.0,26.17,Urban,7.185
2020-05-31,Tamil Nadu,Monthly,25.95,5733921.0,23.77,Urban,9.273333333333333
2020-06-30,Tamil Nadu,Monthly,24.93,7741005.0,31.6,Urban,11.220833333333333
2019-05-31,Telangana,Monthly,1.52,5560649.0,44.59,Urban,11.082499999999998
2019-06-30,Telangana,Monthly,1.43,5683349.0,45.43,Urban,10.4075
2019-07-31,Telangana,Monthly,3.73,5432503.0,44.36,Urban,10.563333333333334
2019-08-31,Telangana,Monthly,4.19,5544693.0,45.39,Urban,10.818333333333333
2019-09-30,Telangana,Monthly,6.19,5668785.0,47.28,Urban,11.113333333333335
2019-10-31,Telangana,Monthly,6.74,5318341.0,44.51,Urban,11.004166666666665
2019-11-30,Telangana,Monthly,5.23,5338119.0,43.87,Urban,11.269166666666669
2019-12-31,Telangana,Monthly,4.22,5317782.0,43.13,Urban,11.345
2020-01-31,Telangana,Monthly,6.49,5543380.0,45.95,Urban,11.347499999999998
2020-02-29,Telangana,Monthly,6.74,5521496.0,45.78,Urban,8.113333333333333
2020-03-31,Telangana,Monthly,6.1,5313236.0,43.65,Urban,6.459166666666666
2020-04-30,Telangana,Monthly,10.5,3378431.0,29.05,Urban,5.256666666666667
2020-05-31,Telangana,Monthly,36.57,3108830.0,37.63,Urban,8.1775
2020-06-30,Telangana,Monthly,6.92,4577995.0,37.68,Urban,8.635
2019-05-31,Tripura,Monthly,34.69,423127.0,69.5,Urban,11.215000000000002
2019-06-30,Tripura,Monthly,25.59,408738.0,58.8,Urban,12.998333333333335
2019-07-31,Tripura,Monthly,25.81,410583.0,59.1,Urban,14.633333333333335
2019-08-31,Tripura,Monthly,33.45,368977.0,59.07,Urban,16.859166666666667
2019-09-30,Tripura,Monthly,33.57,418043.0,66.9,Urban,19.220833333333335
2019-10-31,Tripura,Monthly,26.67,414808.0,60.0,Urban,21.09166666666667
2019-11-30,Tripura,Monthly,27.15,427700.0,62.14,Urban,22.813333333333333
2019-12-31,Tripura,Monthly,33.48,399427.0,63.41,Urban,25.041666666666668
2020-01-31,Tripura,Monthly,34.37,450155.0,72.26,Urban,27.397500000000004
2020-02-29,Tripura,Monthly,33.88,415339.0,66.04,Urban,29.34583333333333
2020-03-31,Tripura,Monthly,25.69,450271.0,63.56,Urban,28.439166666666665
2020-04-30,Tripura,Monthly,34.88,296431.0,47.65,Urban,30.769166666666667
2020-05-31,Tripura,Monthly,16.78,384999.0,48.31,Urban,29.27666666666667
2020-06-30,Tripura,Monthly,27.47,391015.0,56.17,Urban,29.433333333333334
2019-05-31,Uttar Pradesh,Monthly,14.4,13391244.0,40.43,Urban,28.482499999999998
2019-06-30,Uttar Pradesh,Monthly,11.62,13624452.0,39.75,Urban,26.66333333333333
2019-07-31,Uttar Pradesh,Monthly,11.8,13862431.0,40.43,Urban,24.849166666666665
2019-08-31,Uttar Pradesh,Monthly,14.73,13580241.0,40.87,Urban,23.854166666666668
2019-09-30,Uttar Pradesh,Monthly,13.58,13522970.0,40.07,Urban,22.723333333333333
2019-10-31,Uttar Pradesh,Monthly,10.35,13938303.0,39.71,Urban,20.79583333333333
2019-11-30,Uttar Pradesh,Monthly,11.31,14128888.0,40.6,Urban,18.874166666666667
2019-12-31,Uttar Pradesh,Monthly,12.37,13857200.0,40.21,Urban,17.081666666666667
2020-01-31,Uttar Pradesh,Monthly,12.34,13656250.0,39.52,Urban,15.969166666666666
2020-02-29,Uttar Pradesh,Monthly,11.65,13803099.0,39.54,Urban,14.033333333333333
2020-03-31,Uttar Pradesh,Monthly,12.32,13889632.0,40.0,Urban,13.661666666666667
2020-04-30,Uttar Pradesh,Monthly,26.94,10944379.0,37.74,Urban,13.6175
2020-05-31,Uttar Pradesh,Monthly,32.06,11111486.0,41.1,Urban,15.089166666666666
2020-06-30,Uttar Pradesh,Monthly,13.05,13208724.0,38.09,Urban,15.208333333333334
2019-05-31,Uttarakhand,Monthly,9.17,676797.0,26.33,Urban,14.989166666666668
2019-06-30,Uttarakhand,Monthly,4.69,906889.0,33.54,Urban,14.152499999999998
2019-07-31,Uttarakhand,Monthly,6.94,859900.0,32.48,Urban,13.599166666666667
2019-08-31,Uttarakhand,Monthly,7.43,823967.0,31.21,Urban,13.355833333333335
2019-09-30,Uttarakhand,Monthly,9.62,711150.0,27.51,Urban,13.215000000000002
2019-10-31,Uttarakhand,Monthly,4.72,925174.0,33.87,Urban,12.5775
2019-11-30,Uttarakhand,Monthly,6.34,904903.0,33.61,Urban,12.0775
2019-12-31,Uttarakhand,Monthly,7.39,844779.0,31.65,Urban,11.722499999999998
2020-01-31,Uttarakhand,Monthly,8.92,725253.0,27.55,Urban,11.439166666666667
2020-02-29,Uttarakhand,Monthly,5.28,963408.0,35.11,Urban,9.634166666666667
2020-03-31,Uttarakhand,Monthly,8.15,889245.0,33.33,Urban,7.641666666666667
2020-04-30,Uttarakhand,Monthly,13.18,748041.0,29.59,Urban,7.6525
2020-05-31,Uttarakhand,Monthly,17.36,778590.0,32.27,Urban,8.334999999999999
2020-06-30,Uttarakhand,Monthly,5.08,989470.0,35.61,Urban,8.3675
2019-05-31,West Bengal,Monthly,7.25,11306177.0,46.37,Urban,8.393333333333333
2019-06-30,West Bengal,Monthly,7.38,10611498.0,43.51,Urban,8.389166666666666
2019-07-31,West Bengal,Monthly,7.91,10779829.0,44.38,Urban,8.246666666666666
2019-08-31,West Bengal,Monthly,7.27,11456493.0,46.77,Urban,8.459166666666667
2019-09-30,West Bengal,Monthly,7.79,11158649.0,45.74,Urban,8.58
2019-10-31,West Bengal,Monthly,7.83,10563686.0,43.25,Urban,8.616666666666665
2019-11-30,West Bengal,Monthly,6.61,10768462.0,43.44,Urban,8.424166666666666
2019-12-31,West Bengal,Monthly,7.24,11335696.0,45.97,Urban,8.5875
2020-01-31,West Bengal,Monthly,7.27,11208617.0,45.39,Urban,8.514166666666666
2020-02-29,West Bengal,Monthly,7.55,10871168.0,44.09,Urban,8.045
2020-03-31,West Bengal,Monthly,6.67,10806105.0,43.34,Urban,7.154166666666666
2020-04-30,West Bengal,Monthly,15.63,9299466.0,41.2,Urban,8.033333333333333
2020-05-31,West Bengal,Monthly,15.22,9240903.0,40.67,Urban,8.6975
2020-06-30,West Bengal,Monthly,9.86,9088931.0,37.57,Urban,8.904166666666667
2020-06-30,West Bengal,Monthly,9.86,9088931.0,37.57,Urban,9.066666666666668
2020-06-30,West Bengal,Monthly,9.86,9088931.0,37.57,Urban,9.2825
2020-06-30,West Bengal,Monthly,9.86,9088931.0,37.57,Urban,9.455
2020-06-30,West Bengal,Monthly,9.86,9088931.0,37.57,Urban,9.624166666666667
2020-06-30,West Bengal,Monthly,9.86,9088931.0,37.57,Urban,9.895000000000001
2020-06-30,West Bengal,Monthly,9.86,9088931.0,37.57,Urban,10.113333333333333
2020-06-30,West Bengal,Monthly,9.86,9088931.0,37.57,Urban,10.329166666666667
2020-06-30,West Bengal,Monthly,9.86,9088931.0,37.57,Urban,10.521666666666667
2020-06-30,West Bengal,Monthly,9.86,9088931.0,37.57,Urban,10.7875
2020-06-30,West Bengal,Monthly,9.86,9088931.0,37.57,Urban,10.306666666666667
2020-06-30,West Bengal,Monthly,9.86,9088931.0,37.57,Urban,9.86
2020-06-30,West Bengal,Monthly,9.86,9088931.0,37.57,Urban,9.86
2020-06-30,West Bengal,Monthly,9.86,9088931.0,37.57,Urban,9.86
2020-06-30,West Bengal,Monthly,9.86,9088931.0,37.57,Urban,9.86
